{"schemaVersion":"1.0","appDefinitionTemplate":{"id":"/providers/Microsoft.PowerApps/apps/","type":"Microsoft.PowerApps/apps","tags":{"primaryDeviceWidth":"640","primaryDeviceHeight":"1136","sienaVersion":"20201110T035232Z-3.20101.20.0","deviceCapabilities":"","supportsPortrait":"true","supportsLandscape":"false","primaryFormFactor":"Phone","publisherVersion":"3.20101.20","minimumRequiredApiVersion":"2.2.0","hasComponent":"true","hasUnlockedComponent":"false","isUnifiedRootApp":"false"},"properties":{"appVersion":"2020-11-10T03:52:32Z","lifeCycleId":"Published","createdByClientVersion":{"major":3,"minor":20101,"build":20,"revision":0,"majorRevision":0,"minorRevision":0},"minClientVersion":{"major":3,"minor":20101,"build":20,"revision":0,"majorRevision":0,"minorRevision":0},"backgroundColor":"rgba(76, 74, 72, 1)","backgroundImageUri":"/1189518617419062297/N688a0f47-eb9c-4e1a-9239-ca6a1913e49b-logoSmallFile","displayName":"SRM","description":"Santa Rosa Marble","commitMessage":"","appUris":{"documentUri":{"value":"/1189518617419062297/N4b32e1e4-74f5-49e8-ae67-a2b7e74d6373-document.msapp","readonlyValue":"/1189518617419062297/N4b32e1e4-74f5-49e8-ae67-a2b7e74d6373-document.msapp"},"imageUris":[]},"createdTime":"0001-01-01T00:00:00Z","lastModifiedTime":"0001-01-01T00:00:00Z","sharedGroupsCount":0,"sharedUsersCount":0,"icons":{"smallIconUri":"/1189518617419062297/N3708ae57-ba76-45d5-b2fd-e798dcb71ab9-small.png","mediumIconUri":"/1189518617419062297/N42bf0889-6ff0-4a38-a034-ca73099e7580-medium.png","largeIconUri":"/1189518617419062297/Ne5653738-54f1-4e7e-a1ba-97737b50d0ce-large.png","wideIconUri":"/1189518617419062297/N064c88a1-db8d-4174-883d-c8f0bbaa2178-wide.png"},"connectionReferences":{},"databaseReferences":{"default.cds":{"databaseDetails":{"referenceType":"Environmental","environmentName":"default.cds"},"dataSources":{"43b0dc67-68af-47ae-9a9c-9e69d396ba3e":{"entitySetName":"msdyn_aimodels","logicalName":"msdyn_aimodel"},"18333537-fdd1-4579-907c-955609c15d25":{"entitySetName":"msdyn_aiconfigurations","logicalName":"msdyn_aiconfiguration"},"39a6196f-02b0-4fc1-9715-78a41651bedd":{"entitySetName":"msdyn_aiodlabels","logicalName":"msdyn_aiodlabel"},"Products_1":{"entitySetName":"cr4d4_product_2s","logicalName":"cr4d4_product_2"},"Users":{"entitySetName":"systemusers","logicalName":"systemuser"},"Currencies":{"entitySetName":"transactioncurrencies","logicalName":"transactioncurrency"},"Inventories":{"entitySetName":"cr4d4_inventory_2s","logicalName":"cr4d4_inventory_2"}}}},"almMode":"Environment","performanceOptimizationEnabled":true,"canConsumeAppPass":true,"executionRestrictions":{"isTeamsOnly":false,"dataLossPreventionEvaluationResult":{"status":"Compliant","lastEvaluationDate":"2020-11-04T03:56:33.2725467Z","violationDetails":[]}}},"isAppComponentLibrary":false,"appType":"ClassicCanvasApp","appComponents":[]}}