{"schemaVersion":"1.0","appDefinitionTemplate":{"id":"/providers/Microsoft.PowerApps/apps/","type":"Microsoft.PowerApps/apps","tags":{"primaryDeviceWidth":"640","primaryDeviceHeight":"1136","sienaVersion":"20210223T205625Z-3.21021.39.0","deviceCapabilities":"webcam","supportsPortrait":"true","supportsLandscape":"false","primaryFormFactor":"Phone","publisherVersion":"3.21021.39","minimumRequiredApiVersion":"2.2.0","hasComponent":"true","hasUnlockedComponent":"false","isUnifiedRootApp":"false"},"properties":{"appVersion":"2021-02-23T20:56:25Z","lifeCycleId":"Published","createdByClientVersion":{"major":3,"minor":21021,"build":39,"revision":0,"majorRevision":0,"minorRevision":0},"minClientVersion":{"major":3,"minor":21021,"build":39,"revision":0,"majorRevision":0,"minorRevision":0},"backgroundColor":"rgba(76, 74, 72, 1)","backgroundImageUri":"/1189518617419062297/N4b4b5128-a7bb-4af3-a972-1c7064047f05-logoSmallFile","displayName":"SRM","description":"Copyright Fleitas Arts, LLC.","commitMessage":"","appUris":{"documentUri":{"value":"/1189518617419062297/N630b4b9d-36d1-4ad6-bf5c-103cb966fdba-document.msapp"},"imageUris":[]},"createdTime":"0001-01-01T00:00:00Z","lastModifiedTime":"0001-01-01T00:00:00Z","sharedGroupsCount":0,"sharedUsersCount":0,"icons":{"smallIconUri":"/1189518617419062297/N18c21a7f-7a5b-4b92-b1d5-654c82a7c62e-small.png","mediumIconUri":"/1189518617419062297/N65a05a84-e1df-4b9d-86fd-34ba13fc3749-medium.png","largeIconUri":"/1189518617419062297/Nef5c26d6-768c-4bc0-beb1-0ff28d5c73b8-large.png","wideIconUri":"/1189518617419062297/N72f659f9-0ad1-4e69-80c1-ce08e41f158d-wide.png"},"connectionReferences":{"76bcf170-7aa6-4ff3-9408-ac5270b307b4":{"id":"36b7d09d-a256-48c3-b8c2-5dc53d9d31db","displayName":"Excel","iconUri":"https://connectoricons-prod.azureedge.net/releases/v1.0.1440/1.0.1440.2331/excel/icon.png","dataSources":["PA_3D_Model"],"dependencies":["52198283-2901-4858-ad90-9d867da498c5"],"dependents":[],"parameterHints":{"52198283-2901-4858-ad90-9d867da498c5":{"value":"fileSource"}},"isOnPremiseConnection":false,"bypassConsent":false,"dataSets":{"b!itEcLslIQ0S5wskeBGDX-XTSxfUz9r1KvXA2_gZ44-CSiBj8rCiqQLrSdWIxqlIG.01EEZSWWSBY4KXIWXWAFDZWFWPT4HPFNJY":{"dataSources":{"PA_3D_Model":{"tableName":"PA_3D_Model"}}}},"apiTier":"Standard","isCustomApiConnection":false},"52198283-2901-4858-ad90-9d867da498c5":{"id":"cd4bfa89-2123-4a55-b10a-316e5007d1b7","displayName":"OneDrive for Business","iconUri":"https://connectoricons-prod.azureedge.net/releases/v1.0.1439/1.0.1439.2325/onedriveforbusiness/icon.png","dataSources":[],"dependencies":[],"dependents":["76bcf170-7aa6-4ff3-9408-ac5270b307b4"],"parameterHints":{},"isOnPremiseConnection":false,"bypassConsent":false,"dataSets":{},"apiTier":"Standard","isCustomApiConnection":false},"7903550c-3c3c-4f74-a9c3-877ee4a539cd":{"id":"e14f8779-2d18-4df3-8ead-3763397e94c4","displayName":"SharePoint","iconUri":"https://connectoricons-prod.azureedge.net/releases/v1.0.1431/1.0.1431.2301/sharepointonline/icon.png","dataSources":["SRM"],"dependencies":[],"dependents":[],"parameterHints":{},"isOnPremiseConnection":false,"bypassConsent":false,"dataSets":{"https://fleitasarts.sharepoint.com/sites/diad":{"dataSources":{"SRM":{"tableName":"33360676-8788-4045-bd8a-24164cd35cfd"}}}},"apiTier":"Standard","isCustomApiConnection":false}},"databaseReferences":{"default.cds":{"databaseDetails":{"referenceType":"Environmental","environmentName":"default.cds"},"dataSources":{"43b0dc67-68af-47ae-9a9c-9e69d396ba3e":{"entitySetName":"msdyn_aimodels","logicalName":"msdyn_aimodel"},"18333537-fdd1-4579-907c-955609c15d25":{"entitySetName":"msdyn_aiconfigurations","logicalName":"msdyn_aiconfiguration"},"39a6196f-02b0-4fc1-9715-78a41651bedd":{"entitySetName":"msdyn_aiodlabels","logicalName":"msdyn_aiodlabel"},"Products_1":{"entitySetName":"cr4d4_product_2s","logicalName":"cr4d4_product_2"},"Users":{"entitySetName":"systemusers","logicalName":"systemuser"},"Currencies":{"entitySetName":"transactioncurrencies","logicalName":"transactioncurrency"},"Inventories":{"entitySetName":"cr4d4_inventory_2s","logicalName":"cr4d4_inventory_2"}}}},"almMode":"Environment","performanceOptimizationEnabled":true,"canConsumeAppPass":true,"executionRestrictions":{"isTeamsOnly":false,"dataLossPreventionEvaluationResult":{"status":"Compliant","lastEvaluationDate":"2020-11-04T03:56:33.2725467Z","violationDetails":[]}}},"isAppComponentLibrary":false,"appType":"ClassicCanvasApp","appComponents":[]}}