{"schemaVersion":"1.0","appDefinitionTemplate":{"id":"/providers/Microsoft.PowerApps/apps/","type":"Microsoft.PowerApps/apps","tags":{"primaryDeviceWidth":"640","primaryDeviceHeight":"1136","sienaVersion":"20201109T220238Z-3.20101.20.0","deviceCapabilities":"","supportsPortrait":"true","supportsLandscape":"false","primaryFormFactor":"Phone","publisherVersion":"3.20101.20","minimumRequiredApiVersion":"2.2.0","hasComponent":"true","hasUnlockedComponent":"false","isUnifiedRootApp":"false"},"properties":{"appVersion":"2020-11-09T22:02:38Z","lifeCycleId":"Published","createdByClientVersion":{"major":3,"minor":20101,"build":20,"revision":0,"majorRevision":0,"minorRevision":0},"minClientVersion":{"major":3,"minor":20101,"build":20,"revision":0,"majorRevision":0,"minorRevision":0},"backgroundColor":"rgba(76, 74, 72, 1)","backgroundImageUri":"/1189518617419062297/N1be2a42a-9055-48bd-bea5-128f116b9e46-logoSmallFile","displayName":"SRM","description":"Santa Rosa Marble","commitMessage":"","appUris":{"documentUri":{"value":"/1189518617419062297/N632d0b06-af2a-49d7-ae31-696c732714bd-document.msapp","readonlyValue":"/1189518617419062297/N632d0b06-af2a-49d7-ae31-696c732714bd-document.msapp"},"imageUris":[]},"createdTime":"0001-01-01T00:00:00Z","lastModifiedTime":"0001-01-01T00:00:00Z","sharedGroupsCount":0,"sharedUsersCount":0,"icons":{"smallIconUri":"/1189518617419062297/N43987a20-bd33-49be-85c6-e45df78b6bf1-small.png","mediumIconUri":"/1189518617419062297/N17d5c10c-f37b-416e-836a-16378182b339-medium.png","largeIconUri":"/1189518617419062297/Ncaaed2be-4db8-4f5f-a52d-22ec92d9b4d7-large.png","wideIconUri":"/1189518617419062297/N832edcd7-60c8-4a27-a436-75ce50a89089-wide.png"},"connectionReferences":{},"databaseReferences":{"default.cds":{"databaseDetails":{"referenceType":"Environmental","environmentName":"default.cds"},"dataSources":{"43b0dc67-68af-47ae-9a9c-9e69d396ba3e":{"entitySetName":"msdyn_aimodels","logicalName":"msdyn_aimodel"},"18333537-fdd1-4579-907c-955609c15d25":{"entitySetName":"msdyn_aiconfigurations","logicalName":"msdyn_aiconfiguration"},"39a6196f-02b0-4fc1-9715-78a41651bedd":{"entitySetName":"msdyn_aiodlabels","logicalName":"msdyn_aiodlabel"},"Products_1":{"entitySetName":"cr4d4_product_2s","logicalName":"cr4d4_product_2"},"Users":{"entitySetName":"systemusers","logicalName":"systemuser"},"Currencies":{"entitySetName":"transactioncurrencies","logicalName":"transactioncurrency"},"Inventories":{"entitySetName":"cr4d4_inventory_2s","logicalName":"cr4d4_inventory_2"}}}},"almMode":"Environment","performanceOptimizationEnabled":true,"canConsumeAppPass":true,"executionRestrictions":{"isTeamsOnly":false,"dataLossPreventionEvaluationResult":{"status":"Compliant","lastEvaluationDate":"2020-11-04T03:56:33.2725467Z","violationDetails":[]}}},"isAppComponentLibrary":false,"appType":"ClassicCanvasApp","appComponents":[]}}